episode,return,moving50,epsilon,loss
1,-8.7,-8.7,99900.00005,
2,-5.699999999999998,-7.199999999999999,99800.0001,
3,-7.499999999999998,-7.3,99700.00014999999,
4,-8.099999999999998,-7.499999999999999,99600.0002,
5,-7.499999999999998,-7.499999999999998,99500.00025,
6,-6.299999999999999,-7.299999999999998,99400.0003,
7,-8.099999999999998,-7.414285714285713,99300.00035,
8,-8.099999999999998,-7.499999999999998,99200.0004,
9,-8.099999999999998,-7.566666666666665,99100.00044999999,
10,-6.299999999999999,-7.439999999999998,99000.0005,
11,-8.099999999999998,-7.499999999999997,98900.00055,
12,-7.499999999999998,-7.499999999999997,98800.0006,
13,-7.499999999999998,-7.499999999999998,98700.00065,
14,-8.7,-7.585714285714284,98600.0007,
15,-6.299999999999999,-7.499999999999998,98500.00074999999,
16,-8.7,-7.574999999999998,98400.0008,
17,-8.099999999999998,-7.605882352941175,98300.00085,
18,-8.099999999999998,-7.633333333333332,98200.0009,
19,-7.499999999999998,-7.626315789473683,98100.00095,
20,-6.299999999999999,-7.56,98000.001,97.57737731933594
21,-7.499999999999998,-7.557142857142857,97900.00104999999,22.8709716796875
22,-6.899999999999999,-7.527272727272727,97800.0011,55.68891525268555
23,-6.899999999999999,-7.5,97700.00115,49.089881896972656
24,-8.7,-7.549999999999998,97600.0012,57.706748962402344
25,-6.899999999999999,-7.523999999999998,97500.00125,63.19102096557617
26,-8.099999999999998,-7.546153846153844,97400.0013,33.48206329345703
27,-5.099999999999998,-7.455555555555554,97300.00134999999,46.24445343017578
28,-8.099999999999998,-7.478571428571427,97200.0014,50.39775466918945
29,-5.099999999999998,-7.396551724137929,97100.00145,60.407440185546875
30,-8.7,-7.439999999999998,97000.0015,45.76359558105469
31,-8.099999999999998,-7.461290322580643,96900.00155,58.02381896972656
32,-6.899999999999999,-7.443749999999998,96800.0016,44.563777923583984
33,-6.899999999999999,-7.427272727272725,96700.00164999999,34.085182189941406
34,-6.899999999999999,-7.4117647058823515,96600.0017,46.951255798339844
35,-6.899999999999999,-7.397142857142855,96500.00175,45.479278564453125
36,-7.499999999999998,-7.399999999999998,96400.0018,53.922325134277344
37,-6.899999999999999,-7.386486486486484,96300.00185,31.849477767944336
38,-8.099999999999998,-7.405263157894734,96200.0019,34.038848876953125
39,-6.899999999999999,-7.39230769230769,96100.00194999999,54.74200439453125
40,-6.299999999999999,-7.364999999999999,96000.002,32.658729553222656
41,-5.699999999999998,-7.324390243902438,95900.00205,28.254322052001953
42,-8.7,-7.357142857142856,95800.0021,28.922710418701172
43,-7.499999999999998,-7.360465116279069,95700.00215,19.54037857055664
44,-7.499999999999998,-7.363636363636362,95600.0022,14.95358943939209
45,-8.099999999999998,-7.379999999999999,95500.00224999999,4.835097312927246
46,-8.099999999999998,-7.395652173913043,95400.0023,5.847964286804199
47,-8.099999999999998,-7.410638297872341,95300.00235,21.35039520263672
48,-8.099999999999998,-7.425,95200.0024,28.951255798339844
49,-8.099999999999998,-7.438775510204081,95100.00245,25.185516357421875
50,-6.899999999999999,-7.428,95000.0025,20.903743743896484
51,-7.499999999999998,-7.403999999999997,94900.00254999999,18.965831756591797
52,-8.7,-7.463999999999998,94800.00259999999,17.271377563476562
53,-5.699999999999998,-7.427999999999997,94700.00265,11.948151588439941
54,-7.499999999999998,-7.415999999999998,94600.0027,13.006245613098145
55,-7.499999999999998,-7.4159999999999995,94500.00275,9.56503963470459
56,-7.499999999999998,-7.439999999999998,94400.0028,8.621662139892578
57,-8.7,-7.451999999999998,94300.00284999999,9.22646713256836
58,-7.499999999999998,-7.439999999999999,94200.00289999999,10.543951034545898
59,-5.699999999999998,-7.3919999999999995,94100.00295000001,10.594285011291504
60,-8.099999999999998,-7.427999999999998,94000.003,9.188821792602539
61,-8.7,-7.439999999999999,93900.00305,2.75388503074646
62,-7.499999999999998,-7.439999999999998,93800.0031,4.143572807312012
63,-8.7,-7.463999999999999,93700.00315,10.984479904174805
64,-7.499999999999998,-7.439999999999999,93600.00319999999,8.794711112976074
65,-8.099999999999998,-7.475999999999998,93500.00325000001,9.809289932250977
66,-6.299999999999999,-7.427999999999998,93400.0033,8.058303833007812
67,-6.899999999999999,-7.403999999999997,93300.00335,12.595683097839355
68,-6.899999999999999,-7.379999999999998,93200.0034,7.391280174255371
69,-8.099999999999998,-7.391999999999999,93100.00345,0.4939485490322113
70,-7.499999999999998,-7.4159999999999995,93000.00349999999,4.6442084312438965
71,-9.299999999999999,-7.451999999999998,92900.00355000001,2.341113805770874
72,-8.099999999999998,-7.476,92800.00360000001,9.044219970703125
73,-8.099999999999998,-7.5,92700.00365,7.309826850891113
74,-8.099999999999998,-7.4879999999999995,92600.0037,13.768438339233398
75,-7.499999999999998,-7.499999999999999,92500.00375,2.757720708847046
76,-5.699999999999998,-7.451999999999999,92400.0038,5.571550369262695
77,-8.099999999999998,-7.512,92300.00385000001,14.009870529174805
78,-3.299999999999998,-7.416,92200.00390000001,6.938132286071777
79,-8.099999999999998,-7.475999999999999,92100.00395,8.279304504394531
80,-8.099999999999998,-7.4639999999999995,92000.004,5.6658172607421875
81,-8.099999999999998,-7.4639999999999995,91900.00405,10.313566207885742
82,2.6999999999999993,-7.271999999999999,91800.0041,6.200387001037598
83,-7.499999999999998,-7.283999999999997,91700.00415000001,6.253915309906006
84,-8.099999999999998,-7.308,91600.00420000001,0.6155556440353394
85,-7.499999999999998,-7.3199999999999985,91500.00425,12.691654205322266
86,-8.7,-7.343999999999998,91400.0043,0.7829926013946533
87,-8.7,-7.379999999999998,91300.00435,3.7727692127227783
88,-8.099999999999998,-7.379999999999999,91200.0044,1.1964795589447021
89,-8.099999999999998,-7.403999999999999,91100.00445000001,4.154827117919922
90,-8.099999999999998,-7.439999999999999,91000.00450000001,0.41385436058044434
91,-7.499999999999998,-7.475999999999999,90900.00455,0.5766796469688416
92,-8.099999999999998,-7.463999999999999,90800.0046,6.7023701667785645
93,-8.099999999999998,-7.475999999999999,90700.00465,4.131542205810547
94,-8.099999999999998,-7.4879999999999995,90600.0047,3.802873373031616
95,-8.099999999999998,-7.4879999999999995,90500.00475000001,3.0216140747070312
96,-8.099999999999998,-7.4879999999999995,90400.00480000001,3.6287624835968018
97,-7.499999999999998,-7.475999999999999,90300.00485,9.670125007629395
98,-8.7,-7.487999999999999,90200.0049,2.979663372039795
99,-8.7,-7.499999999999997,90100.00495,0.6494181156158447
100,-7.499999999999998,-7.511999999999998,90000.005,6.851653575897217
101,-5.699999999999998,-7.475999999999998,89900.00505,6.636034965515137
102,-6.899999999999999,-7.439999999999999,89800.00510000001,9.892203330993652
103,-7.499999999999998,-7.475999999999996,89700.00515,0.29989153146743774
104,-6.899999999999999,-7.463999999999999,89600.0052,3.312274694442749
105,-7.499999999999998,-7.463999999999998,89500.00525,3.5100440979003906
106,-7.499999999999998,-7.463999999999999,89400.0053,3.549816131591797
107,-7.499999999999998,-7.439999999999998,89300.00535,0.32362088561058044
108,-6.899999999999999,-7.427999999999998,89200.0054,3.6929845809936523
109,-8.099999999999998,-7.475999999999999,89100.00545,6.461948871612549
110,-8.099999999999998,-7.475999999999999,89000.0055,6.192896842956543
111,-7.499999999999998,-7.451999999999999,88900.00555,0.558771550655365
112,-8.099999999999998,-7.463999999999999,88800.0056,3.756429672241211
113,-8.7,-7.4639999999999995,88700.00565,0.5167238712310791
114,-5.699999999999998,-7.427999999999998,88600.0057,3.6899325847625732
115,-8.099999999999998,-7.427999999999998,88500.00575,6.402589321136475
116,-8.099999999999998,-7.4639999999999995,88400.0058,0.23557859659194946
117,-8.7,-7.499999999999999,88300.00585,8.756497383117676
118,-6.299999999999999,-7.4879999999999995,88200.0059,6.200629234313965
119,-8.099999999999998,-7.487999999999999,88100.00595,3.204082489013672
120,-8.7,-7.512,88000.006,3.430452585220337
121,-8.7,-7.499999999999997,87900.00605,7.389310836791992
122,-8.099999999999998,-7.499999999999999,87800.0061,8.608867645263672
123,-8.099999999999998,-7.499999999999999,87700.00615,6.747400283813477
124,-8.7,-7.511999999999998,87600.0062,0.7678155899047852
125,-5.099999999999998,-7.463999999999999,87500.00625,7.754075527191162
126,-6.299999999999999,-7.475999999999999,87400.0063,14.228930473327637
127,-7.499999999999998,-7.463999999999999,87300.00635,8.105438232421875
128,-6.899999999999999,-7.535999999999998,87200.0064,4.370872497558594
129,-7.499999999999998,-7.523999999999998,87100.00645,6.214247703552246
130,-7.499999999999998,-7.511999999999998,87000.0065,3.0844287872314453
131,-8.099999999999998,-7.512,86900.00655,4.629948139190674
132,-6.899999999999999,-7.703999999999999,86800.0066,8.245018005371094
133,-8.7,-7.727999999999998,86700.00665,10.079296112060547
134,-8.7,-7.7399999999999975,86600.0067,7.458738803863525
135,-6.299999999999999,-7.715999999999999,86500.00675,8.309066772460938
136,-7.499999999999998,-7.691999999999999,86400.0068,1.1514440774917603
137,-7.499999999999998,-7.667999999999998,86300.00685,5.563290119171143
138,-8.099999999999998,-7.667999999999998,86200.0069,1.49014151096344
139,-8.099999999999998,-7.667999999999999,86100.00695,5.65090799331665
140,-8.7,-7.679999999999999,86000.007,6.13413667678833
141,-7.499999999999998,-7.679999999999998,85900.00705,4.87031364440918
142,-9.299999999999999,-7.703999999999999,85800.0071,0.9961127638816833
143,-8.7,-7.7159999999999975,85700.00715,2.2114059925079346
144,-8.099999999999998,-7.7159999999999975,85600.0072,8.196893692016602
145,-8.099999999999998,-7.715999999999999,85500.00725,5.675512790679932
146,-9.299999999999999,-7.74,85400.0073,7.817604064941406
147,-6.299999999999999,-7.715999999999999,85300.00735,1.691152572631836
148,-4.499999999999998,-7.631999999999998,85200.0074,6.519688606262207
149,-6.899999999999999,-7.595999999999999,85100.00745,6.943905353546143
150,-8.7,-7.619999999999999,85000.00749999999,0.8546847105026245
151,-7.499999999999998,-7.655999999999998,84900.00755,3.905452251434326
152,-6.899999999999999,-7.655999999999998,84800.0076,4.424283981323242
153,-8.099999999999998,-7.667999999999998,84700.00765,2.241607666015625
154,-7.499999999999998,-7.679999999999999,84600.0077,17.56903839111328
155,-6.899999999999999,-7.6679999999999975,84500.00775,1.7097423076629639
156,-8.099999999999998,-7.679999999999999,84400.00779999999,4.7672882080078125
157,-7.499999999999998,-7.679999999999999,84300.00785,4.5458784103393555
158,-2.699999999999998,-7.595999999999998,84200.0079,9.881126403808594
159,-7.499999999999998,-7.583999999999998,84100.00795,0.8562763333320618
160,-8.099999999999998,-7.583999999999999,84000.008,8.852740287780762
161,-6.299999999999999,-7.559999999999999,83900.00805,1.6737701892852783
162,-5.099999999999998,-7.499999999999999,83800.00809999999,11.599981307983398
163,-6.299999999999999,-7.451999999999999,83700.00815,7.353939056396484
164,-8.7,-7.511999999999998,83600.0082,8.14351749420166
165,-6.899999999999999,-7.487999999999999,83500.00825,3.8271358013153076
166,-7.499999999999998,-7.475999999999998,83400.0083,13.675483703613281
167,-3.899999999999998,-7.379999999999998,83300.00835,10.318192481994629
168,-6.899999999999999,-7.391999999999999,83200.00839999999,15.127845764160156
169,-7.499999999999998,-7.379999999999998,83100.00845,6.646145343780518
170,-7.499999999999998,-7.355999999999999,83000.0085,11.673360824584961
171,-8.099999999999998,-7.3439999999999985,82900.00855,11.207056045532227
172,-7.499999999999998,-7.331999999999998,82800.0086,11.463077545166016
173,-8.7,-7.343999999999998,82700.00865,7.130059242248535
174,-6.899999999999999,-7.307999999999997,82600.0087,10.436473846435547
175,-7.499999999999998,-7.355999999999998,82500.00875,5.153956413269043
176,-8.099999999999998,-7.391999999999999,82400.00880000001,0.734291672706604
177,-8.099999999999998,-7.403999999999999,82300.00885,6.743191719055176
178,-6.299999999999999,-7.391999999999999,82200.0089,9.010732650756836
179,-8.7,-7.4159999999999995,82100.00894999999,11.360681533813477
180,-6.299999999999999,-7.391999999999999,82000.009,8.230627059936523
181,-8.099999999999998,-7.3919999999999995,81900.00905,6.830927848815918
182,-7.499999999999998,-7.403999999999999,81800.00910000001,11.217611312866211
183,-6.299999999999999,-7.355999999999999,81700.00915,1.7976456880569458
184,-8.7,-7.355999999999999,81600.0092,9.29367733001709
185,-8.099999999999998,-7.3919999999999995,81500.00924999999,8.133702278137207
186,-8.099999999999998,-7.404,81400.0093,7.586737632751465
187,-7.499999999999998,-7.403999999999999,81300.00935,8.586792945861816
188,-8.099999999999998,-7.403999999999999,81200.00940000001,3.464174270629883
189,-3.299999999999998,-7.308,81100.00945,10.307243347167969
190,-7.499999999999998,-7.283999999999999,81000.0095,2.003669261932373
191,-5.699999999999998,-7.247999999999998,80900.00954999999,2.4995014667510986
192,-7.499999999999998,-7.212,80800.0096,8.904623985290527
193,-8.099999999999998,-7.199999999999999,80700.00964999999,4.882974624633789
194,-5.099999999999998,-7.139999999999999,80600.00970000001,4.713168621063232
195,-8.099999999999998,-7.14,80500.00975,1.54811692237854
196,-6.899999999999999,-7.091999999999998,80400.0098,6.496943473815918
197,-6.299999999999999,-7.091999999999998,80300.00984999999,2.3961215019226074
198,-8.099999999999998,-7.163999999999999,80200.0099,4.969819068908691
199,-8.099999999999998,-7.188,80100.00994999999,4.702263355255127
200,-8.099999999999998,-7.175999999999999,80000.01000000001,8.373058319091797
201,-7.499999999999998,-7.175999999999999,79900.01005,5.112517356872559
202,-6.899999999999999,-7.175999999999997,79800.0101,3.1436140537261963
203,-8.099999999999998,-7.175999999999999,79700.01014999999,8.77992057800293
204,-7.499999999999998,-7.175999999999999,79600.0102,3.5891273021698
205,-8.7,-7.211999999999998,79500.01025,8.161429405212402
206,-6.299999999999999,-7.175999999999999,79400.01030000001,3.010058879852295
207,-6.299999999999999,-7.151999999999999,79300.01035000001,5.226993083953857
208,-5.099999999999998,-7.199999999999999,79200.0104,2.7450971603393555
209,-8.7,-7.2239999999999975,79100.01045,5.464617729187012
210,-8.7,-7.235999999999998,79000.0105,0.18962308764457703
211,-6.899999999999999,-7.2479999999999976,78900.01055,3.411024570465088
212,-7.499999999999998,-7.295999999999997,78800.01060000001,6.66937255859375
213,-8.099999999999998,-7.331999999999998,78700.01065000001,2.705732822418213
214,-6.299999999999999,-7.283999999999999,78600.0107,2.7606494426727295
215,-7.499999999999998,-7.295999999999998,78500.01075,2.7513186931610107
216,-8.099999999999998,-7.307999999999998,78400.0108,6.38155460357666
217,-7.499999999999998,-7.379999999999998,78300.01085,0.3632717728614807
218,-7.499999999999998,-7.391999999999999,78200.01090000001,8.934552192687988
219,-7.499999999999998,-7.391999999999999,78100.01095,3.394892454147339
220,-7.499999999999998,-7.391999999999999,78000.011,0.335271418094635
221,-8.099999999999998,-7.391999999999999,77900.01105,3.0798680782318115
222,-7.499999999999998,-7.3919999999999995,77800.0111,0.6698598861694336
223,-8.7,-7.391999999999997,77700.01115,8.830366134643555
224,-6.299999999999999,-7.379999999999999,77600.01120000001,1.0090396404266357
225,-8.099999999999998,-7.3919999999999995,77500.01125,11.323453903198242
226,-8.7,-7.404,77400.0113,2.8232131004333496
227,-7.499999999999998,-7.391999999999999,77300.01135,3.1639769077301025
228,-8.099999999999998,-7.428,77200.0114,3.9328103065490723
229,-8.7,-7.427999999999998,77100.01145,10.758689880371094
230,-8.099999999999998,-7.463999999999999,77000.01150000001,0.23162466287612915
231,-8.099999999999998,-7.4639999999999995,76900.01155,3.482569456100464
232,-7.499999999999998,-7.463999999999999,76800.0116,8.372275352478027
233,-7.499999999999998,-7.487999999999999,76700.01165,9.060626983642578
234,-7.499999999999998,-7.463999999999999,76600.0117,0.724452018737793
235,-7.499999999999998,-7.451999999999999,76500.01175,8.968560218811035
236,-6.899999999999999,-7.427999999999998,76400.01180000001,2.149632453918457
237,-7.499999999999998,-7.427999999999998,76300.01185,8.110451698303223
238,-8.099999999999998,-7.428,76200.0119,6.118871688842773
239,-7.499999999999998,-7.512,76100.01195,2.702712059020996
240,-7.499999999999998,-7.511999999999998,76000.012,6.3754801750183105
241,-7.499999999999998,-7.547999999999999,75900.01205,0.3284519910812378
242,-7.499999999999998,-7.547999999999998,75800.0121,0.15216064453125
243,-8.7,-7.559999999999998,75700.01215,0.24852415919303894
244,-5.699999999999998,-7.571999999999998,75600.0122,2.611894130706787
245,-8.7,-7.583999999999999,75500.01225,2.8247580528259277
246,-8.099999999999998,-7.607999999999999,75400.0123,3.0206825733184814
247,-7.499999999999998,-7.631999999999998,75300.01235,3.663142442703247
248,-8.099999999999998,-7.632,75200.0124,0.05210025608539581
249,-8.099999999999998,-7.631999999999998,75100.01245,7.949657917022705
250,-8.099999999999998,-7.632,75000.0125,5.760042190551758
251,-7.499999999999998,-7.631999999999998,74900.01255,2.7235023975372314
252,-7.499999999999998,-7.643999999999998,74800.0126,2.865567922592163
253,-8.099999999999998,-7.643999999999998,74700.01265,8.026199340820312
254,-7.499999999999998,-7.643999999999998,74600.0127,2.988152027130127
255,-8.099999999999998,-7.631999999999998,74500.01275,2.5741665363311768
256,-5.699999999999998,-7.619999999999999,74400.0128,2.285853862762451
257,-7.499999999999998,-7.643999999999998,74300.01285,5.109262466430664
258,-7.499999999999998,-7.691999999999998,74200.0129,0.35033953189849854
259,-6.899999999999999,-7.655999999999998,74100.01295,2.5227701663970947
260,-8.099999999999998,-7.643999999999998,74000.013,3.2182888984680176
261,-8.099999999999998,-7.667999999999999,73900.01305,3.9345502853393555
262,-5.699999999999998,-7.632,73800.0131,9.404847145080566
263,-8.099999999999998,-7.632,73700.01315,3.2894363403320312
264,-6.899999999999999,-7.643999999999998,73600.0132,0.6525305509567261
265,-5.699999999999998,-7.607999999999997,73500.01325,7.737464904785156
266,-5.699999999999998,-7.559999999999998,73400.0133,3.770686626434326
267,-8.099999999999998,-7.571999999999998,73300.01335,3.3149983882904053
268,-7.499999999999998,-7.571999999999998,73200.0134,0.5726356506347656
269,-6.899999999999999,-7.559999999999998,73100.01345,2.6704390048980713
270,-6.899999999999999,-7.547999999999997,73000.0135,10.312236785888672
271,-8.099999999999998,-7.547999999999997,72900.01355,6.174817085266113
272,-8.099999999999998,-7.56,72800.0136,2.54225492477417
273,-8.099999999999998,-7.547999999999999,72700.01365,6.2166748046875
274,-8.099999999999998,-7.584,72600.0137,1.1247910261154175
275,-7.499999999999998,-7.571999999999998,72500.01375,3.164870023727417
276,-8.099999999999998,-7.559999999999999,72400.0138,3.1497347354888916
277,-8.099999999999998,-7.571999999999999,72300.01385,3.2997934818267822
278,-8.099999999999998,-7.571999999999999,72200.0139,2.406226873397827
279,-8.099999999999998,-7.559999999999999,72100.01395,3.4744062423706055
280,-7.499999999999998,-7.547999999999998,72000.014,2.504133462905884
281,-8.099999999999998,-7.547999999999998,71900.01405,0.4409610629081726
282,-7.499999999999998,-7.547999999999999,71800.0141,3.866158962249756
283,-8.099999999999998,-7.559999999999999,71700.01415,2.6082615852355957
284,-7.499999999999998,-7.559999999999999,71600.0142,3.6818604469299316
285,-7.499999999999998,-7.559999999999998,71500.01425000001,3.7435009479522705
286,-7.499999999999998,-7.571999999999998,71400.0143,3.2427167892456055
287,-8.099999999999998,-7.583999999999999,71300.01435000001,6.754782199859619
288,-6.899999999999999,-7.559999999999999,71200.0144,1.044595718383789
289,-7.499999999999998,-7.559999999999998,71100.01445,3.087444543838501
290,-6.899999999999999,-7.547999999999998,71000.01449999999,3.785177707672119
291,-6.899999999999999,-7.535999999999997,70900.01455,3.0736608505249023
292,-6.899999999999999,-7.523999999999997,70800.0146,0.04251581430435181
293,-8.099999999999998,-7.511999999999998,70700.01465000001,14.095273971557617
294,-8.099999999999998,-7.56,70600.0147,6.009710311889648
295,-5.099999999999998,-7.4879999999999995,70500.01475,8.075699806213379
296,-8.099999999999998,-7.487999999999999,70400.01479999999,5.930470943450928
297,-8.099999999999998,-7.499999999999999,70300.01485,3.6498870849609375
298,-8.099999999999998,-7.499999999999999,70200.0149,3.812746047973633
299,-8.099999999999998,-7.499999999999999,70100.01495000001,5.02088737487793
300,-8.099999999999998,-7.499999999999997,70000.015,2.8872804641723633
301,-6.899999999999999,-7.487999999999997,69900.01505,8.212654113769531
302,-6.899999999999999,-7.475999999999996,69800.01509999999,2.3615200519561768
303,-6.899999999999999,-7.4519999999999955,69700.01515,0.13425680994987488
304,-8.099999999999998,-7.463999999999999,69600.0152,5.175485610961914
305,-8.099999999999998,-7.463999999999999,69500.01525000001,7.720564365386963
306,-6.299999999999999,-7.475999999999998,69400.0153,5.035851001739502
307,-6.899999999999999,-7.463999999999998,69300.01535,7.876104831695557
308,-8.099999999999998,-7.475999999999998,69200.01539999999,2.7859551906585693
309,-8.099999999999998,-7.5,69100.01545,2.7535154819488525
310,-8.7,-7.511999999999998,69000.0155,0.18125340342521667
311,-7.499999999999998,-7.499999999999997,68900.01555000001,2.439999580383301
312,-6.299999999999999,-7.511999999999998,68800.0156,5.174422740936279
313,-7.499999999999998,-7.499999999999999,68700.01565,3.2970566749572754
314,-8.099999999999998,-7.523999999999998,68600.01569999999,2.914935827255249
315,-7.499999999999998,-7.559999999999998,68500.01575,0.14135770499706268
316,-8.7,-7.619999999999999,68400.0158,0.18559475243091583
317,-7.499999999999998,-7.607999999999999,68300.01585000001,5.214146137237549
318,-8.099999999999998,-7.619999999999999,68200.0159,0.17873886227607727
319,-8.099999999999998,-7.643999999999998,68100.01595,0.4208207130432129
320,-7.499999999999998,-7.655999999999999,68000.01599999999,5.532061576843262
321,-6.299999999999999,-7.619999999999999,67900.01605,2.9749608039855957
322,-6.899999999999999,-7.595999999999998,67800.0161,2.948160171508789
323,-6.299999999999999,-7.559999999999998,67700.01615000001,0.4458181858062744
324,-5.099999999999998,-7.499999999999999,67600.0162,2.8167030811309814
325,-6.299999999999999,-7.475999999999999,67500.01625,3.023071765899658
326,-8.7,-7.487999999999999,67400.01629999999,2.9669487476348877
327,-5.699999999999998,-7.439999999999998,67300.01635,3.269397497177124
328,-7.499999999999998,-7.427999999999998,67200.0164,0.4827898442745209
329,-8.099999999999998,-7.428,67100.01645000001,0.05025140941143036
330,-8.099999999999998,-7.44,67000.0165,0.08323570340871811
331,-6.899999999999999,-7.4159999999999995,66900.01655,0.06883653998374939
332,-7.499999999999998,-7.415999999999998,66800.01659999999,4.70937442779541
333,-8.7,-7.427999999999998,66700.01665,2.717379093170166
334,-7.499999999999998,-7.427999999999998,66600.0167,5.47165060043335
335,-6.299999999999999,-7.403999999999999,66500.01675000001,2.8670451641082764
336,-8.099999999999998,-7.4159999999999995,66400.0168,0.10407727211713791
337,-8.7,-7.427999999999998,66300.01685,5.6874213218688965
338,-5.099999999999998,-7.3919999999999995,66200.01689999999,4.668282508850098
339,-6.299999999999999,-7.3679999999999986,66100.01695,0.42500433325767517
340,-6.899999999999999,-7.3679999999999986,66000.01699999999,0.23899966478347778
341,-6.899999999999999,-7.367999999999998,65900.01705000001,7.861598014831543
342,-3.299999999999998,-7.295999999999998,65800.0171,2.771580696105957
343,-6.899999999999999,-7.2719999999999985,65700.01715,5.317809104919434
344,-3.899999999999998,-7.187999999999997,65600.0172,3.0389785766601562
345,-7.499999999999998,-7.235999999999998,65500.017250000004,2.1683921813964844
346,-6.299999999999999,-7.199999999999999,65400.01730000001,5.722826957702637
347,-8.7,-7.211999999999998,65300.01735,5.200927734375
348,-8.099999999999998,-7.211999999999998,65200.017400000004,4.990689277648926
349,-7.499999999999998,-7.199999999999999,65100.01745000001,5.705286026000977
350,-8.7,-7.211999999999997,65000.0175,4.228475570678711
351,-8.099999999999998,-7.235999999999998,64900.017550000004,7.273308277130127
352,-7.499999999999998,-7.247999999999998,64800.01760000001,4.740078926086426
353,-7.499999999999998,-7.259999999999998,64700.01765,2.979526996612549
354,-6.899999999999999,-7.235999999999997,64600.017700000004,2.2377333641052246
355,-7.499999999999998,-7.2239999999999975,64500.017750000006,2.557605743408203
356,-7.499999999999998,-7.247999999999998,64400.0178,6.789305686950684
357,-7.499999999999998,-7.259999999999998,64300.017850000004,7.276703357696533
358,-8.099999999999998,-7.259999999999999,64200.0179,0.16737720370292664
359,-8.7,-7.2719999999999985,64100.01795,0.2533973157405853
360,-7.499999999999998,-7.247999999999998,64000.018000000004,5.243394374847412
361,-6.899999999999999,-7.235999999999998,63900.01805,4.4236297607421875
362,-8.099999999999998,-7.2719999999999985,63800.0181,4.983469009399414
363,-8.099999999999998,-7.284,63700.01815,8.727867126464844
364,-7.499999999999998,-7.2719999999999985,63600.0182,3.273742437362671
365,-8.099999999999998,-7.284,63500.01825,6.674160003662109
366,-8.7,-7.283999999999999,63400.0183,5.8679680824279785
367,-8.099999999999998,-7.296,63300.01835,7.425088882446289
368,-0.8999999999999986,-7.151999999999998,63200.0184,2.9131524562835693
369,-8.7,-7.163999999999999,63100.01845,0.6590226888656616
370,-7.499999999999998,-7.163999999999998,63000.0185,8.988885879516602
371,-8.7,-7.212,62900.01855,4.494139671325684
372,-7.499999999999998,-7.223999999999998,62800.0186,7.045784950256348
373,-7.499999999999998,-7.247999999999999,62700.01865,0.1635720431804657
374,-7.499999999999998,-7.295999999999999,62600.0187,3.3191580772399902
375,-7.499999999999998,-7.3199999999999985,62500.01875,8.310856819152832
376,-7.499999999999998,-7.295999999999999,62400.0188,3.0250096321105957
377,-6.899999999999999,-7.319999999999998,62300.01885,0.780085027217865
378,-8.099999999999998,-7.331999999999998,62200.0189,2.5669407844543457
379,-7.499999999999998,-7.32,62100.01895,2.6701629161834717
380,-8.099999999999998,-7.32,62000.019,4.526252269744873
381,-8.099999999999998,-7.343999999999999,61900.01905,1.685197353363037
382,-8.7,-7.3679999999999986,61800.0191,2.369716167449951
383,-7.499999999999998,-7.343999999999999,61700.01915,6.749026298522949
384,-8.099999999999998,-7.355999999999999,61600.0192,0.5614631175994873
385,-6.899999999999999,-7.367999999999999,61500.01925,9.894840240478516
386,-8.099999999999998,-7.3679999999999986,61400.0193,4.029914855957031
387,-8.099999999999998,-7.355999999999999,61300.01935,5.950582027435303
388,-6.899999999999999,-7.391999999999999,61200.0194,3.004051923751831
389,-8.099999999999998,-7.428,61100.01945,3.4158287048339844
390,-6.299999999999999,-7.4159999999999995,61000.0195,7.034591197967529
391,-7.499999999999998,-7.427999999999998,60900.01955,1.2915387153625488
392,-7.499999999999998,-7.511999999999998,60800.0196,12.513860702514648
393,-8.099999999999998,-7.535999999999999,60700.01965,6.007769584655762
394,-8.7,-7.631999999999998,60600.0197,5.633448600769043
395,-8.099999999999998,-7.6439999999999975,60500.01975,9.103080749511719
396,-6.299999999999999,-7.643999999999998,60400.0198,4.327305793762207
397,-7.499999999999998,-7.619999999999999,60300.01985,1.9955511093139648
398,-8.099999999999998,-7.619999999999997,60200.0199,0.4929962754249573
399,-8.099999999999998,-7.631999999999998,60100.01995,0.3146969676017761
400,-7.499999999999998,-7.607999999999999,60000.02,9.787137985229492
401,-6.299999999999999,-7.571999999999998,59900.02005,3.004155397415161
402,-8.099999999999998,-7.583999999999999,59800.0201,2.7115588188171387
403,-7.499999999999998,-7.583999999999999,59700.02015,0.1858786940574646
404,-8.7,-7.619999999999997,59600.0202,6.60453987121582
405,-7.499999999999998,-7.619999999999999,59500.02025,0.3486064672470093
406,-2.699999999999998,-7.523999999999997,59400.0203,3.968338966369629
407,-8.7,-7.547999999999998,59300.02035,6.831780433654785
408,-8.099999999999998,-7.547999999999998,59200.02040000001,1.158019781112671
409,-8.099999999999998,-7.535999999999999,59100.020449999996,6.555883884429932
410,-6.899999999999999,-7.523999999999998,59000.020500000006,3.2760376930236816
411,-6.899999999999999,-7.523999999999997,58900.02055,0.9739892482757568
412,-8.099999999999998,-7.523999999999998,58800.02060000001,9.422536849975586
413,-7.499999999999998,-7.511999999999998,58700.02065,0.6397255659103394
414,-6.299999999999999,-7.487999999999999,58600.02070000001,5.6521897315979
415,-7.499999999999998,-7.475999999999998,58500.020749999996,2.236478805541992
416,-6.899999999999999,-7.439999999999998,58400.020800000006,4.798137664794922
417,-6.899999999999999,-7.415999999999997,58300.02085,8.134757995605469
418,-5.699999999999998,-7.511999999999997,58200.02090000001,5.032485485076904
419,-6.299999999999999,-7.463999999999999,58100.02095,2.439222812652588
420,-7.499999999999998,-7.463999999999999,58000.02100000001,5.249995231628418
421,-7.499999999999998,-7.439999999999998,57900.021049999996,0.23261253535747528
422,-8.7,-7.463999999999998,57800.021100000005,2.724358081817627
423,-6.299999999999999,-7.439999999999998,57700.02115,4.992850303649902
424,-6.299999999999999,-7.4159999999999995,57600.02120000001,0.537085771560669
425,-7.499999999999998,-7.415999999999998,57500.02125,3.867088556289673
426,-8.099999999999998,-7.428,57400.02130000001,3.3193225860595703
427,-5.699999999999998,-7.403999999999999,57300.021349999995,4.609476089477539
428,-8.099999999999998,-7.404,57200.021400000005,5.592026710510254
429,-7.499999999999998,-7.403999999999999,57100.02144999999,4.79112434387207
430,-8.099999999999998,-7.403999999999999,57000.02150000001,4.656078338623047
431,-6.899999999999999,-7.379999999999999,56900.02155,5.839073181152344
432,-7.499999999999998,-7.355999999999999,56800.02160000001,1.0067459344863892
433,-8.099999999999998,-7.367999999999999,56700.021649999995,6.7754926681518555
434,-8.7,-7.379999999999999,56600.021700000005,3.3364744186401367
435,-7.499999999999998,-7.3919999999999995,56500.02174999999,2.9169578552246094
436,-8.099999999999998,-7.391999999999999,56400.02180000001,7.700471878051758
437,-6.299999999999999,-7.355999999999999,56300.02185,2.3195271492004395
438,-8.7,-7.391999999999999,56200.02190000001,7.545085906982422
439,-8.7,-7.403999999999999,56100.021949999995,6.1885576248168945
440,-6.899999999999999,-7.415999999999997,56000.022000000004,1.8138062953948975
441,-8.7,-7.439999999999997,55900.02204999999,4.068259239196777
442,-8.099999999999998,-7.451999999999998,55800.02210000001,2.7159342765808105
443,-8.099999999999998,-7.451999999999999,55700.02215,7.289922714233398
444,-7.499999999999998,-7.427999999999998,55600.02220000001,4.768285751342773
445,-7.499999999999998,-7.4159999999999995,55500.022249999995,1.2115442752838135
446,-8.7,-7.463999999999998,55400.022300000004,9.71896743774414
447,-6.899999999999999,-7.451999999999998,55300.02234999999,4.230374336242676
448,-8.7,-7.463999999999998,55200.02240000001,1.6165449619293213
449,-8.099999999999998,-7.4639999999999995,55100.02245,6.858002662658691
450,-6.899999999999999,-7.451999999999998,55000.02250000001,3.380018472671509
451,-8.099999999999998,-7.4879999999999995,54900.022549999994,3.7794671058654785
452,-7.499999999999998,-7.475999999999999,54800.022600000004,2.817884922027588
453,-6.899999999999999,-7.463999999999999,54700.02264999999,2.008051633834839
454,-7.499999999999998,-7.439999999999998,54600.02270000001,1.886091947555542
455,-9.299999999999999,-7.475999999999998,54500.02275,2.653846502304077
456,-8.099999999999998,-7.584,54400.022800000006,7.291531562805176
457,-6.899999999999999,-7.547999999999998,54300.022849999994,9.71678638458252
458,-7.499999999999998,-7.535999999999999,54200.0229,7.304407119750977
459,-5.699999999999998,-7.487999999999999,54100.02294999999,0.8838794231414795
460,-8.099999999999998,-7.512,54000.02300000001,7.865506172180176
461,-8.099999999999998,-7.535999999999999,53900.023049999996,0.17195099592208862
462,-6.299999999999999,-7.5,53800.023100000006,2.4984941482543945
463,-8.099999999999998,-7.512,53700.02314999999,9.366004943847656
464,-8.099999999999998,-7.547999999999999,53600.0232,2.096834897994995
465,-7.499999999999998,-7.547999999999999,53500.02324999999,2.5250983238220215
466,-6.899999999999999,-7.547999999999998,53400.0233,2.5738136768341064
467,-5.699999999999998,-7.523999999999997,53300.023349999996,2.117828369140625
468,-7.499999999999998,-7.559999999999999,53200.023400000005,2.133049964904785
469,-7.499999999999998,-7.583999999999999,53100.02345,0.08999232947826385
470,-7.499999999999998,-7.583999999999999,53000.0235,0.0584394745528698
471,-7.499999999999998,-7.583999999999999,52900.023550000005,2.5807723999023438
472,-7.499999999999998,-7.559999999999999,52800.0236,4.860069274902344
473,-4.499999999999998,-7.523999999999998,52700.02365,0.05419539660215378
474,-7.499999999999998,-7.547999999999999,52600.023700000005,2.639810562133789
475,-7.499999999999998,-7.547999999999998,52500.02375,4.6359710693359375
476,-8.7,-7.559999999999999,52400.0238,1.970839023590088
477,-7.499999999999998,-7.595999999999998,52300.023850000005,0.2508358359336853
478,-6.299999999999999,-7.559999999999999,52200.0239,2.6525495052337646
479,-7.499999999999998,-7.559999999999999,52100.02395,2.6085195541381836
480,-6.299999999999999,-7.523999999999998,52000.024000000005,4.330626964569092
481,-8.7,-7.559999999999999,51900.02405,4.344394207000732
482,-8.099999999999998,-7.571999999999999,51800.0241,0.10272274911403656
483,-6.899999999999999,-7.547999999999999,51700.024150000005,4.97646427154541
484,-7.499999999999998,-7.523999999999998,51600.0242,2.6423912048339844
485,-5.699999999999998,-7.487999999999999,51500.02425,0.37689408659935
486,-6.899999999999999,-7.463999999999998,51400.024300000005,4.443325996398926
487,-7.499999999999998,-7.487999999999997,51300.02435,0.09696827083826065
488,-8.099999999999998,-7.475999999999999,51200.0244,4.2974700927734375
489,-8.099999999999998,-7.463999999999999,51100.024450000004,8.893379211425781
490,-3.899999999999998,-7.403999999999999,51000.0245,2.186990976333618
491,-7.499999999999998,-7.379999999999998,50900.02455,2.1365134716033936
492,-8.099999999999998,-7.379999999999998,50800.024600000004,2.331763982772827
493,-8.099999999999998,-7.379999999999999,50700.02465,2.070176124572754
494,-6.299999999999999,-7.355999999999998,50600.0247,2.0361835956573486
495,-8.7,-7.379999999999998,50500.024750000004,2.656687021255493
496,-8.099999999999998,-7.3679999999999986,50400.0248,0.13219380378723145
497,-7.499999999999998,-7.379999999999999,50300.02485,4.318093299865723
498,-6.299999999999999,-7.331999999999998,50200.024900000004,2.5878567695617676
499,-7.499999999999998,-7.3199999999999985,50100.02495,4.843564033508301
500,-7.499999999999998,-7.331999999999998,50000.025,2.9165971279144287
501,-8.099999999999998,-7.331999999999998,49900.025050000004,6.490102767944336
502,-7.499999999999998,-7.331999999999998,49800.0251,2.4345927238464355
503,-8.099999999999998,-7.355999999999999,49700.02515,4.419081687927246
504,-7.499999999999998,-7.355999999999999,49600.025200000004,4.441113471984863
505,-8.099999999999998,-7.331999999999998,49500.02525,2.275787591934204
506,-8.099999999999998,-7.331999999999999,49400.0253,2.5485591888427734
507,-8.099999999999998,-7.355999999999999,49300.02535,1.824928879737854
508,-6.899999999999999,-7.3439999999999985,49200.0254,2.6160218715667725
509,-6.899999999999999,-7.367999999999998,49100.02545,0.03820043057203293
510,-5.099999999999998,-7.307999999999998,49000.0255,2.600738525390625
511,-7.499999999999998,-7.295999999999999,48900.02555,0.36304131150245667
512,-7.499999999999998,-7.319999999999998,48800.0256,2.3856189250946045
513,-8.7,-7.331999999999997,48700.02565,0.0759020522236824
514,-6.299999999999999,-7.295999999999999,48600.0257,6.910380840301514
515,-7.499999999999998,-7.295999999999998,48500.02575,9.132390022277832
516,-8.099999999999998,-7.3199999999999985,48400.0258,0.04503510892391205
517,-8.099999999999998,-7.367999999999999,48300.02585,2.092371940612793
518,-8.099999999999998,-7.38,48200.0259,2.311373472213745
519,-8.7,-7.403999999999999,48100.02595,2.4238462448120117
520,-5.099999999999998,-7.355999999999998,48000.026,7.092296600341797
521,-7.499999999999998,-7.355999999999999,47900.02605,1.9342021942138672
522,-7.499999999999998,-7.355999999999999,47800.0261,6.593193054199219
523,-2.699999999999998,-7.3199999999999985,47700.02615,4.863931179046631
524,-8.099999999999998,-7.331999999999999,47600.0262,4.275277137756348
525,-7.499999999999998,-7.331999999999998,47500.02625,4.484646320343018
526,-8.7,-7.331999999999998,47400.0263,1.8805079460144043
527,-8.7,-7.355999999999998,47300.02635,0.019022412598133087
528,-6.899999999999999,-7.3679999999999986,47200.0264,2.5032567977905273
529,-8.099999999999998,-7.379999999999999,47100.02645,1.7944718599319458
530,-8.099999999999998,-7.4159999999999995,47000.0265,3.9803667068481445
531,-7.499999999999998,-7.391999999999999,46900.02655,0.1191447377204895
532,-8.7,-7.403999999999999,46800.0266,2.4407763481140137
533,-7.499999999999998,-7.415999999999998,46700.02665,2.6227118968963623
534,-7.499999999999998,-7.4159999999999995,46600.0267,2.7241172790527344
535,-8.099999999999998,-7.463999999999999,46500.02675,0.15976262092590332
536,-6.899999999999999,-7.463999999999999,46400.0268,8.86431884765625
537,-7.499999999999998,-7.463999999999999,46300.026849999995,1.8197723627090454
538,-7.499999999999998,-7.451999999999998,46200.0269,0.10304882377386093
539,-8.7,-7.463999999999999,46100.02695,4.841869354248047
540,-6.299999999999999,-7.511999999999998,46000.026999999995,2.1733217239379883
541,-6.899999999999999,-7.499999999999999,45900.02705,4.613879203796387
542,-7.499999999999998,-7.487999999999997,45800.0271,5.538607597351074
543,-8.099999999999998,-7.4879999999999995,45700.027149999994,4.322556495666504
544,-7.499999999999998,-7.511999999999998,45600.0272,5.262950897216797
545,-7.499999999999998,-7.487999999999999,45500.02725,6.569488525390625
546,-7.499999999999998,-7.475999999999998,45400.027299999994,0.05385858938097954
547,-8.7,-7.499999999999999,45300.02735,6.963210105895996
548,-7.499999999999998,-7.523999999999997,45200.0274,4.220421314239502
549,-7.499999999999998,-7.523999999999998,45100.027449999994,4.670101165771484
550,-7.499999999999998,-7.523999999999998,45000.0275,2.280308246612549
551,-8.7,-7.535999999999999,44900.02755,0.03544168546795845
552,-8.099999999999998,-7.547999999999998,44800.027599999994,0.25679653882980347
553,-8.099999999999998,-7.547999999999999,44700.027649999996,4.402429580688477
554,-6.899999999999999,-7.535999999999999,44600.0277,2.875605583190918
555,-6.899999999999999,-7.511999999999998,44500.027749999994,0.46558889746665955
556,-8.099999999999998,-7.511999999999998,44400.027799999996,2.9290714263916016
557,-7.499999999999998,-7.5,44300.02785,3.9898223876953125
558,-8.099999999999998,-7.523999999999998,44200.027899999994,4.810565948486328
559,-8.7,-7.559999999999999,44100.027949999996,3.0795202255249023
560,-6.299999999999999,-7.583999999999999,44000.028,7.663757801055908
561,-6.299999999999999,-7.56,43900.02804999999,4.227221965789795
562,-8.099999999999998,-7.571999999999999,43800.028099999996,0.2896692156791687
563,-7.499999999999998,-7.547999999999999,43700.028150000006,0.7453082203865051
564,-6.299999999999999,-7.547999999999998,43600.02820000001,2.439727783203125
565,-8.099999999999998,-7.56,43500.02825000001,2.9025206565856934
566,-8.7,-7.571999999999999,43400.028300000005,0.27172785997390747
567,-7.499999999999998,-7.559999999999999,43300.02835000001,0.05115971714258194
568,-8.099999999999998,-7.559999999999999,43200.02840000001,0.6056419610977173
569,-8.7,-7.559999999999999,43100.028450000005,0.23512333631515503
570,-8.099999999999998,-7.619999999999999,43000.02850000001,4.403481483459473
571,-6.899999999999999,-7.608,42900.02855000001,3.8548879623413086
572,-8.099999999999998,-7.619999999999997,42800.028600000005,0.07189372926950455
573,-7.499999999999998,-7.715999999999999,42700.02865000001,6.216736316680908
574,-8.099999999999998,-7.715999999999999,42600.0287,0.11215326189994812
575,-8.099999999999998,-7.728,42500.028750000005,2.7684566974639893
576,-7.499999999999998,-7.703999999999999,42400.02880000001,2.9104208946228027
577,-8.099999999999998,-7.691999999999999,42300.02885,4.691532611846924
578,-8.099999999999998,-7.715999999999999,42200.028900000005,4.604304790496826
579,-6.899999999999999,-7.691999999999998,42100.02895000001,4.0717291831970215
580,-8.7,-7.703999999999997,42000.029,1.2677428722381592
581,-7.499999999999998,-7.703999999999999,41900.029050000005,6.889710903167725
582,-8.099999999999998,-7.691999999999998,41800.02910000001,4.102669715881348
583,-8.099999999999998,-7.704,41700.02915,3.130842685699463
584,-7.499999999999998,-7.703999999999999,41600.029200000004,3.3516926765441895
585,-7.499999999999998,-7.691999999999999,41500.02925000001,7.3019561767578125
586,-7.499999999999998,-7.703999999999999,41400.0293,7.127108097076416
587,-8.099999999999998,-7.715999999999999,41300.029350000004,2.4229304790496826
588,-7.499999999999998,-7.715999999999999,41200.02940000001,7.5060200691223145
589,-8.099999999999998,-7.704,41100.02945,7.804584503173828
590,-6.899999999999999,-7.715999999999999,41000.029500000004,2.623476266860962
591,-8.099999999999998,-7.739999999999998,40900.02955000001,2.301154613494873
592,-7.499999999999998,-7.739999999999998,40800.0296,0.9785410165786743
593,-7.499999999999998,-7.727999999999998,40700.029650000004,4.2071099281311035
594,-7.499999999999998,-7.727999999999998,40600.02970000001,2.5381932258605957
595,-7.499999999999998,-7.727999999999998,40500.02975,0.5440704822540283
596,-5.699999999999998,-7.691999999999998,40400.029800000004,4.421717643737793
597,-8.7,-7.691999999999998,40300.029850000006,4.92409610748291
598,-6.899999999999999,-7.679999999999998,40200.0299,0.27666807174682617
599,-6.899999999999999,-7.6679999999999975,40100.029950000004,4.258081436157227
600,-5.699999999999998,-7.631999999999998,40000.030000000006,7.130197048187256
601,-6.299999999999999,-7.583999999999999,39900.03005,4.1414103507995605
602,-7.499999999999998,-7.571999999999999,39800.0301,5.4468913078308105
603,-8.7,-7.583999999999998,39700.030150000006,4.062801837921143
604,-8.099999999999998,-7.607999999999999,39600.0302,2.4132208824157715
605,-7.499999999999998,-7.619999999999997,39500.03025,4.7647528648376465
606,-8.099999999999998,-7.62,39400.030300000006,0.09837321192026138
607,-8.099999999999998,-7.631999999999998,39300.03035,4.875537872314453
608,-8.7,-7.643999999999998,39200.0304,1.9711657762527466
609,-7.499999999999998,-7.619999999999997,39100.030450000006,0.24196819961071014
610,-8.099999999999998,-7.655999999999999,39000.0305,1.6464741230010986
611,-6.899999999999999,-7.6679999999999975,38900.03055,2.012876510620117
612,-8.7,-7.679999999999998,38800.030600000006,4.002985954284668
613,-6.899999999999999,-7.667999999999998,38700.03065,0.12808451056480408
614,-6.299999999999999,-7.667999999999998,38600.0307,2.1766090393066406
615,-5.699999999999998,-7.619999999999997,38500.030750000005,0.6783790588378906
616,-8.7,-7.619999999999997,38400.0308,2.7472891807556152
617,-7.499999999999998,-7.619999999999999,38300.03085,5.053619384765625
618,-6.899999999999999,-7.595999999999999,38200.030900000005,0.6858010292053223
619,-7.499999999999998,-7.571999999999998,38100.03095,0.9697473645210266
620,-8.099999999999998,-7.571999999999999,38000.031,0.3679196536540985
621,-8.099999999999998,-7.596,37900.031050000005,7.46846866607666
622,-7.499999999999998,-7.583999999999999,37800.0311,0.5248696208000183
623,-5.699999999999998,-7.547999999999998,37700.03115,6.782926082611084
624,-7.499999999999998,-7.535999999999998,37600.031200000005,6.337956428527832
625,-8.7,-7.547999999999998,37500.03125,1.720750331878662
626,-8.099999999999998,-7.559999999999999,37400.0313,2.520496368408203
627,-7.499999999999998,-7.547999999999999,37300.031350000005,2.0783329010009766
628,-6.299999999999999,-7.512,37200.0314,4.035067558288574
629,-5.699999999999998,-7.487999999999999,37100.03145,2.2853527069091797
630,-8.099999999999998,-7.476,37000.031500000005,2.1044485569000244
631,-7.499999999999998,-7.475999999999999,36900.03155,0.2150634229183197
632,-8.099999999999998,-7.475999999999999,36800.0316,4.198936939239502
633,-8.099999999999998,-7.475999999999999,36700.031650000004,4.089609146118164
634,-8.099999999999998,-7.4879999999999995,36600.0317,0.08645282685756683
635,-6.299999999999999,-7.4639999999999995,36500.03175,0.11185229569673538
636,-7.499999999999998,-7.4639999999999995,36400.031800000004,3.2615909576416016
637,-4.499999999999998,-7.391999999999999,36300.03185,2.032505989074707
638,-7.499999999999998,-7.391999999999999,36200.0319,1.9705413579940796
639,-7.499999999999998,-7.379999999999999,36100.031950000004,4.174434185028076
640,-7.499999999999998,-7.391999999999999,36000.032,2.1956639289855957
641,-7.499999999999998,-7.379999999999999,35900.03205,5.829942226409912
642,-8.7,-7.403999999999999,35800.032100000004,7.071221351623535
643,-3.299999999999998,-7.3199999999999985,35700.03215,9.560203552246094
644,-7.499999999999998,-7.3199999999999985,35600.0322,0.08993162959814072
645,-7.499999999999998,-7.3199999999999985,35500.03225,2.095614194869995
646,-8.7,-7.379999999999999,35400.0323,2.3217341899871826
647,-6.299999999999999,-7.331999999999998,35300.03235,1.8382030725479126
648,-8.099999999999998,-7.355999999999999,35200.0324,5.694150447845459
649,-6.299999999999999,-7.343999999999999,35100.03245,0.14674070477485657
650,-8.099999999999998,-7.3919999999999995,35000.0325,2.3336172103881836
651,-5.099999999999998,-7.367999999999999,34900.032549999996,0.11319823563098907
652,-7.499999999999998,-7.3679999999999986,34800.0326,0.1216178685426712
653,-7.499999999999998,-7.3439999999999985,34700.03265,1.8660598993301392
654,-6.899999999999999,-7.319999999999998,34600.032699999996,2.5341789722442627
655,-8.099999999999998,-7.331999999999998,34500.03275,2.7289071083068848
656,-7.499999999999998,-7.3199999999999985,34400.0328,0.38287782669067383
657,-7.499999999999998,-7.307999999999998,34300.032849999996,2.0682430267333984
658,-8.099999999999998,-7.295999999999999,34200.0329,0.09295713901519775
659,-8.099999999999998,-7.308,34100.03295,3.742187976837158
660,-8.099999999999998,-7.308,34000.032999999996,1.9630775451660156
661,-7.499999999999998,-7.3199999999999985,33900.03305,4.327447891235352
662,-6.899999999999999,-7.283999999999999,33800.0331,3.605659008026123
663,-6.299999999999999,-7.2719999999999985,33700.033149999996,2.1338744163513184
664,-6.899999999999999,-7.283999999999997,33600.0332,0.05309741944074631
665,-8.099999999999998,-7.331999999999998,33500.03325,2.323712110519409
666,-7.499999999999998,-7.307999999999998,33400.033299999996,0.14986953139305115
667,-8.7,-7.331999999999998,33300.03335,3.5679290294647217
668,-6.299999999999999,-7.319999999999998,33200.0334,0.04180002212524414
669,-7.499999999999998,-7.3199999999999985,33100.033449999995,3.44740891456604
670,-6.899999999999999,-7.295999999999997,33000.0335,0.30283477902412415
671,-8.7,-7.307999999999997,32900.03355,2.0493600368499756
672,-8.099999999999998,-7.3199999999999985,32800.033599999995,1.6842544078826904
673,-8.099999999999998,-7.367999999999999,32700.033649999994,0.07975544035434723
674,-6.899999999999999,-7.355999999999998,32600.033699999993,3.9433131217956543
675,-8.099999999999998,-7.343999999999998,32500.033749999995,7.067127227783203
676,-6.899999999999999,-7.3199999999999985,32400.033799999994,4.284241199493408
677,-6.899999999999999,-7.307999999999997,32300.033849999993,4.099379539489746
678,-8.7,-7.355999999999998,32200.033899999995,0.026908978819847107
679,-8.099999999999998,-7.403999999999999,32100.033949999994,4.1541948318481445
680,-8.099999999999998,-7.404,32000.033999999992,0.04072977602481842
681,-6.899999999999999,-7.391999999999999,31900.034049999995,4.9080657958984375
682,-6.899999999999999,-7.367999999999998,31800.034099999993,2.362675905227661
683,-8.099999999999998,-7.367999999999999,31700.034149999992,0.021259069442749023
684,-5.699999999999998,-7.3199999999999985,31600.034199999995,1.662880539894104
685,-8.099999999999998,-7.355999999999998,31500.034249999993,0.08361861109733582
686,-8.7,-7.379999999999999,31400.034299999992,2.485408306121826
687,-7.499999999999998,-7.439999999999999,31300.034349999994,5.265700340270996
688,-6.899999999999999,-7.427999999999997,31200.034400000004,0.026087861508131027
689,-8.099999999999998,-7.439999999999998,31100.034450000003,0.2513675093650818
690,-5.699999999999998,-7.403999999999999,31000.034500000005,5.957197189331055
691,-8.099999999999998,-7.415999999999998,30900.034550000004,3.229583978652954
692,-6.299999999999999,-7.3679999999999986,30800.034600000003,2.0669431686401367
693,-7.499999999999998,-7.451999999999998,30700.034650000005,0.03704340010881424
694,-7.499999999999998,-7.451999999999998,30600.034700000004,1.5629916191101074
695,-4.499999999999998,-7.391999999999999,30500.034750000003,0.16126687824726105
696,-7.499999999999998,-7.3679999999999986,30400.034800000005,0.32009410858154297
697,-7.499999999999998,-7.391999999999999,30300.034850000004,0.0830400362610817
698,-8.7,-7.403999999999997,30200.034900000002,0.017103971913456917
699,-8.099999999999998,-7.439999999999999,30100.03495,4.0640387535095215
700,-5.699999999999998,-7.391999999999999,30000.035000000003,1.476520299911499
701,-7.499999999999998,-7.439999999999998,29900.035050000002,2.1345410346984863
702,-5.699999999999998,-7.403999999999997,29800.0351,2.0190176963806152
703,-6.299999999999999,-7.379999999999998,29700.035150000003,3.247710704803467
704,-8.099999999999998,-7.403999999999999,29600.035200000002,4.0748820304870605
705,-7.499999999999998,-7.391999999999999,29500.03525,5.465103626251221
706,-6.299999999999999,-7.3679999999999986,29400.035300000003,2.1383304595947266
707,-8.7,-7.391999999999999,29300.035350000002,3.365473747253418
708,-8.099999999999998,-7.3919999999999995,29200.0354,4.981895446777344
709,-7.499999999999998,-7.379999999999999,29100.035450000003,7.3114190101623535
710,-7.499999999999998,-7.367999999999999,29000.0355,0.06038159877061844
711,-8.099999999999998,-7.379999999999999,28900.03555,1.6382290124893188
712,-8.099999999999998,-7.404,28800.035600000003,2.15242338180542
713,-8.099999999999998,-7.44,28700.03565,0.02721099555492401
714,-8.099999999999998,-7.463999999999999,28600.0357,2.42718768119812
715,-6.299999999999999,-7.427999999999998,28500.035750000003,3.3597521781921387
716,-8.099999999999998,-7.439999999999999,28400.0358,2.1377975940704346
717,-6.899999999999999,-7.403999999999999,28300.03585,0.03996482491493225
718,-7.499999999999998,-7.427999999999997,28200.035900000003,3.454282522201538
719,-7.499999999999998,-7.428,28100.03595,1.5666019916534424
720,-8.099999999999998,-7.451999999999999,28000.036,2.0046136379241943
721,-8.099999999999998,-7.439999999999999,27900.036050000002,2.0463404655456543
722,-7.499999999999998,-7.428,27800.0361,1.4689712524414062
723,-8.099999999999998,-7.428,27700.03615,2.0966286659240723
724,-6.899999999999999,-7.427999999999998,27600.036200000002,1.8637479543685913
725,-4.499999999999998,-7.355999999999998,27500.03625,0.14730818569660187
726,-6.899999999999999,-7.355999999999998,27400.0363,1.8319965600967407
727,-8.7,-7.391999999999999,27300.036350000002,3.6301157474517822
728,-6.299999999999999,-7.3439999999999985,27200.0364,1.7587385177612305
729,-8.099999999999998,-7.343999999999999,27100.03645,5.373648643493652
730,-7.499999999999998,-7.331999999999999,27000.036500000002,0.26255351305007935
731,-7.499999999999998,-7.3439999999999985,26900.03655,1.8608256578445435
732,-7.499999999999998,-7.355999999999999,26800.0366,5.199906349182129
733,-8.099999999999998,-7.355999999999999,26700.03665,5.549925804138184
734,-2.099999999999998,-7.284,26600.0367,0.07184549421072006
735,-7.499999999999998,-7.271999999999999,26500.03675,1.5797994136810303
736,-4.499999999999998,-7.187999999999999,26400.036799999998,1.6677480936050415
737,-7.499999999999998,-7.188,26300.03685,1.7945863008499146
738,-8.7,-7.223999999999998,26200.0369,0.15459853410720825
739,-6.899999999999999,-7.199999999999999,26100.036949999998,0.0754818394780159
740,-8.7,-7.259999999999999,26000.037,2.0492382049560547
741,-8.099999999999998,-7.259999999999999,25900.03705,0.07741650193929672
742,-5.699999999999998,-7.247999999999998,25800.037099999998,3.589130401611328
743,-8.099999999999998,-7.259999999999999,25700.03715,0.4822987914085388
744,-7.499999999999998,-7.259999999999999,25600.0372,3.454826593399048
745,-8.7,-7.343999999999998,25500.037249999998,0.6944370269775391
746,-8.7,-7.367999999999998,25400.0373,4.477401256561279
747,-7.499999999999998,-7.3679999999999986,25300.03735,3.8946170806884766
748,-8.099999999999998,-7.355999999999999,25200.037399999997,1.8752295970916748
749,-7.499999999999998,-7.3439999999999985,25100.03745,6.541159152984619
750,-8.7,-7.403999999999997,25000.0375,1.4667574167251587
751,-8.099999999999998,-7.415999999999998,24900.037549999997,0.547193169593811
752,-6.299999999999999,-7.428,24800.0376,3.3222882747650146
753,-6.899999999999999,-7.439999999999999,24700.03765,0.11095083504915237
754,-6.899999999999999,-7.415999999999997,24600.037699999997,5.679113388061523
755,-8.7,-7.439999999999998,24500.03775,1.7289059162139893
756,-8.099999999999998,-7.475999999999999,24400.0378,3.440725326538086
757,-6.299999999999999,-7.428,24300.037849999997,5.550436973571777
758,-7.499999999999998,-7.415999999999998,24200.0379,3.7509140968322754
759,-8.099999999999998,-7.428,24100.037949999998,2.3828887939453125
760,-7.499999999999998,-7.428,24000.037999999997,1.8519636392593384
761,-8.7,-7.439999999999999,23900.03805,5.654469966888428
762,-8.099999999999998,-7.439999999999999,23800.038099999998,4.747138023376465
763,-7.499999999999998,-7.428,23700.038149999997,0.05964110419154167
764,-7.499999999999998,-7.4159999999999995,23600.0382,5.708669662475586
765,-6.899999999999999,-7.427999999999997,23500.038249999998,0.18812663853168488
766,-8.099999999999998,-7.427999999999997,23400.038299999997,3.81821346282959
767,-8.099999999999998,-7.451999999999999,23300.03835,6.7777533531188965
768,-8.099999999999998,-7.463999999999999,23200.038399999998,3.322016954421997
769,-7.499999999999998,-7.463999999999999,23100.038449999996,3.7078335285186768
770,-8.099999999999998,-7.463999999999999,23000.038499999995,1.8756513595581055
771,-6.299999999999999,-7.427999999999998,22900.038549999997,1.6186612844467163
772,-6.899999999999999,-7.415999999999998,22800.038599999996,1.6920827627182007
773,-7.499999999999998,-7.403999999999997,22700.038649999995,1.857084035873413
774,-8.099999999999998,-7.427999999999998,22600.038699999997,0.1609662026166916
775,-6.899999999999999,-7.475999999999998,22500.038749999996,2.2362592220306396
776,-7.499999999999998,-7.487999999999997,22400.038799999995,0.02596626989543438
777,-6.899999999999999,-7.451999999999998,22300.038849999997,3.9077906608581543
778,-8.099999999999998,-7.487999999999999,22200.038899999996,0.21913674473762512
779,-7.499999999999998,-7.475999999999999,22100.038949999995,3.737788200378418
780,-7.499999999999998,-7.475999999999998,22000.038999999997,0.15284302830696106
781,-8.099999999999998,-7.4879999999999995,21900.039049999996,3.082609176635742
782,-8.099999999999998,-7.499999999999999,21800.039099999995,0.3082047700881958
783,-7.499999999999998,-7.4879999999999995,21700.039149999997,0.19283446669578552
784,-8.7,-7.619999999999997,21600.039199999996,0.08340217173099518
785,-6.899999999999999,-7.607999999999999,21500.039249999994,1.4679033756256104
786,-7.499999999999998,-7.6679999999999975,21400.039299999997,0.0729832574725151
787,-7.499999999999998,-7.667999999999998,21300.039349999995,1.918846607208252
788,-8.099999999999998,-7.655999999999999,21200.039399999994,1.4320094585418701
789,-5.699999999999998,-7.632,21100.039449999997,1.5565130710601807
790,-6.299999999999999,-7.583999999999999,21000.039499999995,5.270205974578857
791,-6.899999999999999,-7.559999999999999,20900.039549999994,5.117469310760498
792,-8.099999999999998,-7.608,20800.039599999996,3.7692291736602783
793,-7.499999999999998,-7.595999999999999,20700.039649999995,1.316457986831665
794,-8.099999999999998,-7.608,20600.039699999994,0.4426625967025757
795,-8.099999999999998,-7.595999999999999,20500.039749999996,1.5374488830566406
796,-8.099999999999998,-7.583999999999999,20400.039799999995,1.5490590333938599
797,-8.099999999999998,-7.595999999999999,20300.039849999994,0.13646048307418823
798,-7.499999999999998,-7.583999999999999,20200.039899999996,1.5808212757110596
799,-8.099999999999998,-7.595999999999999,20100.039949999995,4.753115177154541
800,-8.099999999999998,-7.583999999999999,20000.039999999994,4.552160739898682
801,-7.499999999999998,-7.571999999999998,19900.040049999996,0.07943063229322433
802,-6.299999999999999,-7.571999999999998,19800.040099999995,0.11033470928668976
803,-6.899999999999999,-7.571999999999998,19700.040149999993,5.048072814941406
804,-8.099999999999998,-7.595999999999999,19600.040199999992,3.7143049240112305
805,-8.099999999999998,-7.583999999999999,19500.040249999995,0.11267602443695068
806,-7.499999999999998,-7.571999999999998,19400.040299999993,3.337769031524658
807,-7.499999999999998,-7.595999999999999,19300.040349999992,1.867356538772583
808,-8.099999999999998,-7.607999999999999,19200.040399999994,1.4973242282867432
809,-6.899999999999999,-7.583999999999999,19100.040449999993,0.020233532413840294
810,-8.099999999999998,-7.595999999999999,19000.040499999992,0.0409998819231987
811,-7.499999999999998,-7.571999999999999,18900.040549999994,3.461913585662842
812,-7.499999999999998,-7.559999999999998,18800.040599999993,1.5630518198013306
813,-6.299999999999999,-7.535999999999998,18700.040650000003,6.596720218658447
814,-7.499999999999998,-7.535999999999999,18600.040700000005,3.615633010864258
815,-6.899999999999999,-7.535999999999998,18500.040750000004,1.5353343486785889
816,-8.099999999999998,-7.535999999999998,18400.040800000002,1.4384973049163818
817,-7.499999999999998,-7.523999999999998,18300.040850000005,2.5889663696289062
818,-6.899999999999999,-7.499999999999997,18200.040900000004,2.5683295726776123
819,-8.099999999999998,-7.511999999999998,18100.040950000002,3.1945207118988037
820,-6.299999999999999,-7.475999999999999,18000.041000000005,1.7739773988723755
821,-7.499999999999998,-7.499999999999999,17900.041050000003,0.3040105700492859
822,-6.899999999999999,-7.499999999999997,17800.041100000002,0.06763668358325958
823,-8.099999999999998,-7.511999999999998,17700.041150000005,4.812952995300293
824,-6.899999999999999,-7.487999999999999,17600.041200000003,1.9148324728012085
825,-8.7,-7.523999999999997,17500.041250000002,6.28283166885376
826,-8.099999999999998,-7.535999999999999,17400.041300000004,2.9348838329315186
827,-5.699999999999998,-7.512,17300.041350000003,1.6921918392181396
828,-8.099999999999998,-7.511999999999998,17200.041400000002,1.4271650314331055
829,-6.299999999999999,-7.487999999999999,17100.041450000004,2.624458074569702
830,-6.299999999999999,-7.463999999999999,17000.041500000003,5.051262855529785
831,-8.099999999999998,-7.4639999999999995,16900.04155,1.364801049232483
832,-6.299999999999999,-7.427999999999998,16800.041600000004,3.138085126876831
833,-5.099999999999998,-7.379999999999999,16700.041650000003,6.017129898071289
834,-6.899999999999999,-7.343999999999998,16600.0417,2.9235305786132812
835,-6.899999999999999,-7.343999999999998,16500.041750000004,0.06084480136632919
836,-8.099999999999998,-7.355999999999997,16400.041800000003,2.9362545013427734
837,-6.899999999999999,-7.3439999999999985,16300.041850000001,4.448149681091309
838,-7.499999999999998,-7.331999999999997,16200.041900000002,7.982107162475586
839,-7.499999999999998,-7.367999999999998,16100.041950000003,0.036140698939561844
840,-8.099999999999998,-7.403999999999999,16000.042000000001,4.6591339111328125
841,-6.299999999999999,-7.3919999999999995,15900.042050000002,1.2803082466125488
842,-8.099999999999998,-7.3919999999999995,15800.042100000002,0.05862441658973694
843,-7.499999999999998,-7.391999999999999,15700.042150000001,3.3730335235595703
844,-8.099999999999998,-7.391999999999999,15600.042200000002,4.238984107971191
845,-6.899999999999999,-7.3679999999999986,15500.042250000002,5.007011413574219
846,-6.899999999999999,-7.343999999999998,15400.042300000001,4.371020793914795
847,-6.899999999999999,-7.319999999999998,15300.042350000002,1.668988823890686
848,-6.899999999999999,-7.307999999999997,15200.042400000002,5.122466564178467
849,-8.099999999999998,-7.307999999999998,15100.04245,0.08576937764883041
850,-6.899999999999999,-7.283999999999999,15000.042500000001,1.3812941312789917
851,-7.499999999999998,-7.283999999999999,14900.04255,1.595287799835205
852,-6.299999999999999,-7.284,14800.0426,1.6356751918792725
853,-6.299999999999999,-7.2719999999999985,14700.042650000001,1.8159396648406982
854,-8.7,-7.283999999999999,14600.0427,1.5150781869888306
855,-7.499999999999998,-7.2719999999999985,14500.04275,5.148070335388184
856,-8.7,-7.295999999999998,14400.042800000001,0.10633408278226852
857,-8.099999999999998,-7.307999999999998,14300.04285,0.05526655912399292
858,-8.099999999999998,-7.308000000000001,14200.0429,1.213830590248108
859,-7.499999999999998,-7.3199999999999985,14100.042950000001,0.041471026837825775
860,-5.099999999999998,-7.259999999999999,14000.043,3.3246164321899414
861,-7.499999999999998,-7.26,13900.04305,2.7266576290130615
862,-6.899999999999999,-7.247999999999998,13800.0431,1.516323208808899
863,-6.299999999999999,-7.247999999999998,13700.04315,2.7279906272888184
864,-6.299999999999999,-7.223999999999998,13600.0432,1.3163297176361084
865,-6.299999999999999,-7.212,13500.04325,0.030962660908699036
866,-7.499999999999998,-7.199999999999999,13400.0433,4.144415378570557
867,-8.099999999999998,-7.212,13300.04335,0.06510840356349945
868,-6.299999999999999,-7.199999999999999,13200.043399999999,3.150041103363037
869,-7.499999999999998,-7.187999999999999,13100.04345,4.291489124298096
870,-6.899999999999999,-7.199999999999999,13000.0435,4.101452350616455
871,-7.499999999999998,-7.1999999999999975,12900.043549999999,0.06373448669910431
872,-8.7,-7.235999999999998,12800.043599999999,3.0416030883789062
873,-8.099999999999998,-7.235999999999999,12700.04365,3.1979317665100098
874,-5.099999999999998,-7.2,12600.043699999998,2.5414834022521973
875,-8.099999999999998,-7.188,12500.043749999999,3.102829933166504
876,-7.499999999999998,-7.175999999999999,12400.0438,1.7124544382095337
877,-8.099999999999998,-7.223999999999998,12300.043849999998,3.2164905071258545
878,-7.499999999999998,-7.212,12200.043899999999,2.973210573196411
879,-8.099999999999998,-7.247999999999999,12100.04395,1.6163181066513062
880,-8.099999999999998,-7.284,12000.043999999998,0.05497695133090019
881,-7.499999999999998,-7.2719999999999985,11900.044049999999,3.1658358573913574
882,-8.099999999999998,-7.308,11800.0441,0.10793419182300568
883,-7.499999999999998,-7.355999999999999,11700.044149999998,1.2723431587219238
884,-8.099999999999998,-7.379999999999999,11600.044199999998,1.124298095703125
885,-8.099999999999998,-7.403999999999999,11500.044249999997,1.7642221450805664
886,-6.899999999999999,-7.379999999999998,11400.044299999998,1.449817180633545
887,-6.899999999999999,-7.379999999999998,11300.044349999998,0.10551746189594269
888,-7.499999999999998,-7.379999999999998,11200.044399999997,0.18585601449012756
889,-5.699999999999998,-7.343999999999998,11100.044449999998,3.2114105224609375
890,-8.099999999999998,-7.3439999999999985,11000.044499999998,2.6706600189208984
891,-8.099999999999998,-7.379999999999999,10900.044549999997,4.807153701782227
892,-8.099999999999998,-7.379999999999999,10800.044599999997,4.2555694580078125
893,-5.699999999999998,-7.343999999999998,10700.044649999998,4.74789571762085
894,-7.499999999999998,-7.331999999999998,10600.044699999997,2.5863776206970215
895,-6.899999999999999,-7.331999999999997,10500.044749999997,2.8028812408447266
896,-7.499999999999998,-7.343999999999998,10400.044799999998,3.031682252883911
897,-8.099999999999998,-7.367999999999999,10300.044849999997,1.8135875463485718
898,-8.099999999999998,-7.3919999999999995,10200.044899999997,1.8653384447097778
899,-8.099999999999998,-7.391999999999999,10100.044949999998,2.8650074005126953
900,-8.099999999999998,-7.4159999999999995,10000.044999999996,1.3969918489456177
901,-8.099999999999998,-7.428,9900.045049999997,1.480357050895691
902,-8.7,-7.475999999999998,9800.045099999996,0.045533500611782074
903,-8.7,-7.523999999999998,9700.045149999996,2.508272886276245
904,-5.099999999999998,-7.451999999999998,9600.045199999997,1.4382745027542114
905,-4.499999999999998,-7.391999999999999,9500.045249999996,0.04494326561689377
906,-8.7,-7.391999999999997,9400.045299999996,1.532693862915039
907,-5.699999999999998,-7.3439999999999985,9300.045349999997,3.825573682785034
908,-8.099999999999998,-7.3439999999999985,9200.045399999995,0.1669297069311142
909,-8.099999999999998,-7.355999999999999,9100.045449999996,1.6663776636123657
910,-8.099999999999998,-7.4159999999999995,9000.045499999997,1.5889426469802856
911,-8.7,-7.439999999999999,8900.045549999995,1.5633301734924316
912,-8.099999999999998,-7.4639999999999995,8800.045599999996,4.142240047454834
913,-8.099999999999998,-7.5,8700.045649999996,2.3915741443634033
914,-5.699999999999998,-7.487999999999999,8600.045699999995,5.62004280090332
915,-6.899999999999999,-7.499999999999999,8500.045749999996,0.07724499702453613
916,-8.099999999999998,-7.511999999999998,8400.045799999996,0.10207539796829224
917,-7.499999999999998,-7.5,8300.045849999995,0.14382502436637878
918,-6.899999999999999,-7.511999999999998,8200.045899999996,2.5519394874572754
919,-7.499999999999998,-7.511999999999998,8100.045949999996,1.5941835641860962
920,-6.299999999999999,-7.499999999999999,8000.045999999996,1.6187824010849
921,-6.899999999999999,-7.487999999999999,7900.046049999996,2.72125244140625
922,-8.099999999999998,-7.475999999999999,7800.046099999996,2.410271406173706
923,-7.499999999999998,-7.463999999999999,7700.046149999996,1.2473810911178589
924,-5.699999999999998,-7.475999999999998,7600.046199999995,2.4463157653808594
925,-8.7,-7.487999999999997,7500.046249999996,2.6598920822143555
926,-6.899999999999999,-7.475999999999998,7400.046299999995,0.12641534209251404
927,-6.899999999999999,-7.451999999999997,7300.046349999995,0.1102982759475708
928,-7.499999999999998,-7.451999999999998,7200.046399999996,2.0226259231567383
929,-8.099999999999998,-7.451999999999998,7100.046449999995,1.4672709703445435
930,-6.899999999999999,-7.427999999999998,7000.046499999995,0.21805989742279053
931,-5.699999999999998,-7.391999999999997,6900.046549999995,0.21924827992916107
932,-5.699999999999998,-7.3439999999999985,6800.046599999995,0.06992436945438385
933,-8.7,-7.367999999999998,6700.046649999995,1.285401701927185
934,-8.099999999999998,-7.3679999999999986,6600.046699999994,2.791531562805176
935,-7.499999999999998,-7.355999999999999,6500.046749999995,1.2192457914352417
